id,municipio,id_municipio,uf,longitude,latitude
1304062,Tabatinga,5321.0,SP,-48.689577,-21.723863
1400050,Alto Alegre,4744.0,SP,-50.16798,-21.581103
2103109,Cedral,4860.0,SP,-49.266426,-20.900949
2201804,Bocaina,4808.0,SP,-48.523044,-22.136538
2412708,São Pedro,5297.0,SP,-47.909579,-22.548256
2413003,São Vicente,5303.0,SP,-46.388333,-23.957353
2414803,Vera Cruz,5369.0,SP,-49.820735,-22.218308
2500734,Amparo,4753.0,SP,-46.772022,-22.70879
2500775,Aparecida,4759.0,SP,-45.232496,-22.849509
2502706,Borborema,4815.0,SP,-49.074089,-21.621368
2507002,Itaporanga,4995.0,SP,-49.481854,-23.704273
2513851,Santo André,5268.0,SP,-46.543154,-23.67373
2513984,São Francisco,5281.0,SP,-50.695151,-20.362291
2515930,Sertãozinho,5310.0,SP,-47.987496,-21.131596
2706208,Palestina,5128.0,SP,-49.430854,-20.390046
2708808,São Sebastião,5300.0,SP,-45.414314,-23.795059
2806909,São Francisco,5281.0,SP,-50.695151,-20.362291
2917359,Jaborandi,5009.0,SP,-48.411167,-20.688422
2923035,Novo Horizonte,5112.0,SP,-49.223409,-21.465145
2925006,Planalto,5176.0,SP,-49.933034,-21.034249
2931400,Teodoro Sampaio,5340.0,SP,-52.168175,-22.529936
2933208,Vera Cruz,5369.0,SP,-49.820735,-22.218308
3133600,Itapeva,4990.0,SP,-48.876433,-23.978823
3153103,Presidente Bernardes,5196.0,SP,-51.556507,-22.008198
3161106,São Francisco,5281.0,SP,-50.695151,-20.362291
3168200,Tapiraí,5329.0,SP,-47.506248,-23.961157
3169703,Turmalina,5353.0,SP,-50.479198,-20.048588
3304409,Rio Claro,5225.0,SP,-47.554632,-22.398378
3500105,Adamantina,4732.0,SP,-51.073695,-21.682012
3500204,Adolfo,4733.0,SP,-49.645128,-21.232494
3500303,Aguaí,4734.0,SP,-46.973502,-22.057207
3500402,Águas da Prata,4735.0,SP,-46.717622,-21.931935
3500501,Águas de Lindóia,4736.0,SP,-46.631441,-22.473305
3500550,Águas de Santa Bárbara,4737.0,SP,-49.242133,-22.881186
3500600,Águas de São Pedro,4738.0,SP,-47.873395,-22.597749
3500709,Agudos,4739.0,SP,-48.98632,-22.469433
3500758,Alambari,4740.0,SP,-47.897971,-23.550338
3500808,Alfredo Marcondes,4741.0,SP,-51.413956,-21.9527
3500907,Altair,4742.0,SP,-49.057073,-20.524207
3501004,Altinópolis,4743.0,SP,-47.3712,-21.021364
3501103,Alto Alegre,4744.0,SP,-50.16798,-21.581103
3501152,Alumínio,4745.0,SP,-47.254571,-23.530553
3501202,Álvares Florence,4746.0,SP,-49.914126,-20.320341
3501301,Álvares Machado,4747.0,SP,-51.47224,-22.076415
3501400,Álvaro de Carvalho,4748.0,SP,-49.719044,-22.084132
3501509,Alvinlândia,4749.0,SP,-49.762323,-22.443481
3501608,Americana,4750.0,SP,-47.333119,-22.73736
3501707,Américo Brasiliense,4751.0,SP,-48.11467,-21.728771
3501806,Américo de Campos,4752.0,SP,-49.735904,-20.298476
3501905,Amparo,4753.0,SP,-46.772022,-22.70879
3502002,Analândia,4754.0,SP,-47.661939,-22.128917
3502101,Andradina,4755.0,SP,-51.378568,-20.894761
3502200,Angatuba,4756.0,SP,-48.413872,-23.491733
3502309,Anhembi,4757.0,SP,-48.133595,-22.792959
3502408,Anhumas,4758.0,SP,-51.389542,-22.293414
3502507,Aparecida,4759.0,SP,-45.232496,-22.849509
3502705,Apiaí,4761.0,SP,-48.844271,-24.510819
3502754,Araçariguama,4762.0,SP,-47.060825,-23.436597
3502804,Araçatuba,4763.0,SP,-50.440106,-21.207648
3502903,Araçoiaba da Serra,4764.0,SP,-47.616605,-23.502901
3503000,Aramina,4765.0,SP,-47.787251,-20.088152
3503109,Arandu,4766.0,SP,-49.048661,-23.138559
3503158,Arapeí,4767.0,SP,-44.444127,-22.671744
3503208,Araraquara,4768.0,SP,-48.178014,-21.784511
3503307,Araras,4769.0,SP,-47.384235,-22.357238
3503356,Arco-Íris,4770.0,SP,-50.466018,-21.772797
3503406,Arealva,4771.0,SP,-48.913511,-22.031026
3503505,Areias,4772.0,SP,-44.69924,-22.578597
3503604,Areiópolis,4773.0,SP,-48.668052,-22.667216
3503703,Ariranha,4774.0,SP,-48.790418,-21.18716
3503802,Artur Nogueira,4775.0,SP,-47.172679,-22.572737
3503901,Arujá,4776.0,SP,-46.319983,-23.396476
3503950,Aspásia,4777.0,SP,-50.728046,-20.160028
3504008,Assis,4778.0,SP,-50.418307,-22.659957
3504107,Atibaia,4779.0,SP,-46.556262,-23.117059
3504206,Auriflama,4780.0,SP,-50.55719,-20.683621
3504305,Avaí,4781.0,SP,-49.335596,-22.151409
3504404,Avanhandava,4782.0,SP,-49.950893,-21.458416
3504503,Avaré,4783.0,SP,-48.925052,-23.106732
3504602,Bady Bassitt,4784.0,SP,-49.4385,-20.919689
3504701,Balbinos,4785.0,SP,-49.361906,-21.896293
3504800,Bálsamo,4786.0,SP,-49.586487,-20.734843
3504909,Bananal,4787.0,SP,-44.328114,-22.681932
3505005,Barão de Antonina,4788.0,SP,-49.563366,-23.628419
3505104,Barbosa,4789.0,SP,-49.951816,-21.265661
3505203,Bariri,4790.0,SP,-48.743828,-22.072955
3505302,Barra Bonita,4791.0,SP,-48.558349,-22.490859
3505351,Barra do Chapéu,4792.0,SP,-49.023784,-24.472203
3505401,Barra do Turvo,4793.0,SP,-48.50126,-24.759035
3505500,Barretos,4794.0,SP,-48.569832,-20.553146
3505609,Barrinha,4795.0,SP,-48.163614,-21.186374
3505708,Barueri,4796.0,SP,-46.879042,-23.505689
3505807,Bastos,4797.0,SP,-50.735695,-21.920984
3505906,Batatais,4798.0,SP,-47.592149,-20.892867
3506003,Bauru,4799.0,SP,-49.087142,-22.324569
3506102,Bebedouro,4800.0,SP,-48.479083,-20.949077
3506201,Bento de Abreu,4801.0,SP,-50.813959,-21.268629
3506300,Bernardino de Campos,4802.0,SP,-49.467897,-23.016439
3506359,Bertioga,4803.0,SP,-46.139586,-23.848568
3506409,Bilac,4804.0,SP,-50.47464,-21.403962
3506508,Birigui,4805.0,SP,-50.343162,-21.291034
3506607,Biritiba-Mirim,4806.0,SP,-46.0407,-23.569774
3506706,Boa Esperança do Sul,4807.0,SP,-48.390622,-21.991832
3506805,Bocaina,4808.0,SP,-48.523044,-22.136538
3506904,Bofete,4809.0,SP,-48.258203,-23.105543
3507001,Boituva,4810.0,SP,-47.678574,-23.285531
3507100,Bom Jesus dos Perdões,4811.0,SP,-46.467474,-23.135579
3507159,Bom Sucesso de Itararé,4812.0,SP,-49.145104,-24.315511
3507209,Borá,4813.0,SP,-50.540919,-22.269627
3507308,Boracéia,4814.0,SP,-48.780751,-22.192645
3507407,Borborema,4815.0,SP,-49.074089,-21.621368
3507456,Borebi,4816.0,SP,-48.970749,-22.572763
3507506,Botucatu,4817.0,SP,-48.443706,-22.883697
3507605,Bragança Paulista,4818.0,SP,-46.54188,-22.952681
3507704,Braúna,4819.0,SP,-50.317489,-21.499039
3507753,Brejo Alegre,4820.0,SP,-50.186076,-21.165147
3507803,Brodowski,4821.0,SP,-47.657217,-20.984532
3507902,Brotas,4822.0,SP,-48.125115,-22.279476
3508009,Buri,4823.0,SP,-48.595811,-23.797689
3508108,Buritama,4824.0,SP,-50.147494,-21.066064
3508207,Buritizal,4825.0,SP,-47.709636,-20.191084
3508306,Cabrália Paulista,4826.0,SP,-49.339337,-22.45756
3508405,Cabreúva,4827.0,SP,-47.136251,-23.30533
3508504,Caçapava,4828.0,SP,-45.707645,-23.099204
3508603,Cachoeira Paulista,4829.0,SP,-45.015384,-22.666498
3508702,Caconde,4830.0,SP,-46.643659,-21.527995
3508801,Cafelândia,4831.0,SP,-49.609213,-21.803112
3508900,Caiabu,4832.0,SP,-51.239408,-22.012719
3509007,Caieiras,4833.0,SP,-46.73974,-23.360729
3509106,Caiuá,4834.0,SP,-51.996918,-21.832164
3509205,Cajamar,4835.0,SP,-46.878146,-23.355014
3509254,Cajati,4836.0,SP,-48.122347,-24.73239
3509304,Cajobi,4837.0,SP,-48.806336,-20.877287
3509403,Cajuru,4838.0,SP,-47.303022,-21.274934
3509452,Campina do Monte Alegre,4839.0,SP,-48.4758,-23.58948
3509502,Campinas,4840.0,SP,-47.06595,-22.905346
3509601,Campo Limpo Paulista,4841.0,SP,-46.788919,-23.207791
3509700,Campos do Jordão,4842.0,SP,-45.583337,-22.729618
3509809,Campos Novos Paulista,4843.0,SP,-49.998726,-22.601952
3509908,Cananéia,4844.0,SP,-47.934074,-25.014428
3509957,Canas,4845.0,SP,-45.052117,-22.700344
3510005,Cândido Mota,4846.0,SP,-50.387326,-22.747093
3510104,Cândido Rodrigues,4847.0,SP,-48.632719,-21.327531
3510153,Canitar,4848.0,SP,-49.783947,-23.004014
3510203,Capão Bonito,4849.0,SP,-48.348222,-24.011265
3510302,Capela do Alto,4850.0,SP,-47.738834,-23.468471
3510401,Capivari,4851.0,SP,-47.50715,-22.995144
3510500,Caraguatatuba,4852.0,SP,-45.412533,-23.612535
3510609,Carapicuíba,4853.0,SP,-46.840676,-23.523471
3510708,Cardoso,4854.0,SP,-49.918322,-20.080031
3510807,Casa Branca,4855.0,SP,-47.085245,-21.77081
3510906,Cássia dos Coqueiros,4856.0,SP,-47.164327,-21.280082
3511003,Castilho,4857.0,SP,-51.488394,-20.868924
3511102,Catanduva,4858.0,SP,-48.977015,-21.131381
3511201,Catiguá,4859.0,SP,-49.06162,-21.051861
3511300,Cedral,4860.0,SP,-49.266426,-20.900949
3511409,Cerqueira César,4861.0,SP,-49.165524,-23.037999
3511508,Cerquilho,4862.0,SP,-47.745862,-23.166487
3511607,Cesário Lange,4863.0,SP,-47.954453,-23.226035
3511706,Charqueada,4864.0,SP,-47.775468,-22.50958
3511904,Clementina,4866.0,SP,-50.452476,-21.560447
3512001,Colina,4867.0,SP,-48.53867,-20.711443
3512100,Colômbia,4868.0,SP,-48.686468,-20.176771
3512209,Conchal,4869.0,SP,-47.172927,-22.337512
3512308,Conchas,4870.0,SP,-48.013391,-23.01543
3512407,Cordeirópolis,4871.0,SP,-47.451886,-22.477778
3512506,Coroados,4872.0,SP,-50.285937,-21.352082
3512605,Coronel Macedo,4873.0,SP,-49.309966,-23.626143
3512704,Corumbataí,4874.0,SP,-47.621451,-22.221334
3512803,Cosmópolis,4875.0,SP,-47.192578,-22.641906
3512902,Cosmorama,4876.0,SP,-49.782747,-20.475472
3513009,Cotia,4877.0,SP,-46.91902,-23.602177
3513108,Cravinhos,4878.0,SP,-47.732427,-21.337959
3513207,Cristais Paulista,4879.0,SP,-47.420915,-20.403569
3513306,Cruzália,4880.0,SP,-50.790909,-22.737309
3513405,Cruzeiro,4881.0,SP,-44.96896,-22.572764
3513504,Cubatão,4882.0,SP,-46.423968,-23.891121
3513603,Cunha,4883.0,SP,-44.957559,-23.0731
3513702,Descalvado,4884.0,SP,-47.618105,-21.900211
3513801,Diadema,4885.0,SP,-46.62052,-23.681347
3513850,Dirce Reis,4886.0,SP,-50.607335,-20.464207
3513900,Divinolândia,4887.0,SP,-46.736128,-21.663709
3514007,Dobrada,4888.0,SP,-48.393476,-21.515533
3514106,Dois Córregos,4889.0,SP,-48.381924,-22.367291
3514205,Dolcinópolis,4890.0,SP,-50.514898,-20.124047
3514304,Dourado,4891.0,SP,-48.317823,-22.104436
3514403,Dracena,4892.0,SP,-51.535034,-21.484311
3514502,Duartina,4893.0,SP,-49.408355,-22.414562
3514601,Dumont,4894.0,SP,-47.975622,-21.232401
3514700,Echaporã,4895.0,SP,-50.203787,-22.43256
3514809,Eldorado,4896.0,SP,-48.114085,-24.52809
3514908,Elias Fausto,4897.0,SP,-47.368153,-23.042822
3514924,Elisiário,4898.0,SP,-49.114594,-21.167754
3514957,Embaúba,4899.0,SP,-48.832452,-20.979595
3515004,Embu,4900.0,SP,-46.857854,-23.643717
3515103,Embu-Guaçu,4901.0,SP,-46.813593,-23.829717
3515129,Emilianópolis,4902.0,SP,-51.483168,-21.831436
3515152,Engenheiro Coelho,4903.0,SP,-47.211045,-22.483573
3515186,Espírito Santo do Pinhal,4904.0,SP,-46.74767,-22.190871
3515194,Espírito Santo do Turvo,4905.0,SP,-49.434119,-22.69254
3515301,Estrela do Norte,4908.0,SP,-51.663203,-22.485935
3515350,Euclides da Cunha Paulista,4909.0,SP,-52.592779,-22.55452
3515400,Fartura,4910.0,SP,-49.512403,-23.391643
3515509,Fernandópolis,4911.0,SP,-50.247115,-20.280556
3515608,Fernando Prestes,4912.0,SP,-48.687384,-21.266061
3515657,Fernão,4913.0,SP,-49.518735,-22.36066
3515707,Ferraz de Vasconcelos,4914.0,SP,-46.37097,-23.541056
3515806,Flora Rica,4915.0,SP,-51.382107,-21.672738
3515905,Floreal,4916.0,SP,-50.151282,-20.675193
3516002,Flórida Paulista,4917.0,SP,-51.172445,-21.612711
3516101,Florínia,4918.0,SP,-50.732976,-22.902483
3516200,Franca,4919.0,SP,-47.403861,-20.53523
3516309,Francisco Morato,4920.0,SP,-46.744781,-23.279248
3516408,Franco da Rocha,4921.0,SP,-46.729011,-23.322882
3516507,Gabriel Monteiro,4922.0,SP,-50.557321,-21.52941
3516606,Gália,4923.0,SP,-49.550356,-22.291846
3516705,Garça,4924.0,SP,-49.654596,-22.212516
3516804,Gastão Vidigal,4925.0,SP,-50.191183,-20.794776
3516853,Gavião Peixoto,4926.0,SP,-48.49566,-21.836658
3516903,General Salgado,4927.0,SP,-50.36397,-20.648458
3517000,Getulina,4928.0,SP,-49.931205,-21.796117
3517109,Glicério,4929.0,SP,-50.212269,-21.381193
3517208,Guaiçara,4930.0,SP,-49.801287,-21.619537
3517307,Guaimbê,4931.0,SP,-49.89861,-21.909072
3517406,Guaíra,4932.0,SP,-48.31197,-20.319591
3517505,Guapiaçu,4933.0,SP,-49.217201,-20.795885
3517604,Guapiara,4934.0,SP,-48.529549,-24.18921
3517703,Guará,4935.0,SP,-47.823626,-20.430162
3517802,Guaraçaí,4936.0,SP,-51.211854,-21.029173
3517901,Guaraci,4937.0,SP,-48.939107,-20.49766
3518107,Guarantã,4939.0,SP,-49.591351,-21.894195
3518206,Guararapes,4940.0,SP,-50.645338,-21.254431
3518305,Guararema,4941.0,SP,-46.036946,-23.411195
3518404,Guaratinguetá,4942.0,SP,-45.193788,-22.807534
3518503,Guareí,4943.0,SP,-48.183715,-23.371359
3518602,Guariba,4944.0,SP,-48.23158,-21.35938
3518701,Guarujá,4945.0,SP,-46.257959,-23.988798
3518800,Guarulhos,4946.0,SP,-46.533347,-23.453758
3518859,Guatapará,4947.0,SP,-48.035588,-21.494444
3518909,Guzolândia,4948.0,SP,-50.664505,-20.646679
3519006,Herculândia,4949.0,SP,-50.390734,-22.003802
3519055,Holambra,4950.0,SP,-47.048694,-22.640513
3519071,Hortolândia,4951.0,SP,-47.214259,-22.852854
3519105,Iacanga,4952.0,SP,-49.030959,-21.889646
3519204,Iacri,4953.0,SP,-50.693152,-21.857199
3519253,Iaras,4954.0,SP,-49.163377,-22.868199
3519303,Ibaté,4955.0,SP,-47.988211,-21.958358
3519402,Ibirá,4956.0,SP,-49.244833,-21.083032
3519501,Ibirarema,4957.0,SP,-50.073901,-22.818537
3519600,Ibitinga,4958.0,SP,-48.831903,-21.75623
3519709,Ibiúna,4959.0,SP,-47.223037,-23.65961
3519808,Icém,4960.0,SP,-49.191546,-20.339067
3519907,Iepê,4961.0,SP,-51.077881,-22.660165
3520004,Igaraçu do Tietê,4962.0,SP,-48.559672,-22.509044
3520103,Igarapava,4963.0,SP,-47.746576,-20.040687
3520202,Igaratá,4964.0,SP,-46.156985,-23.20366
3520301,Iguape,4965.0,SP,-47.553659,-24.699015
3520400,Ilhabela,4966.0,SP,-45.355226,-23.778533
3520426,Ilha Comprida,4967.0,SP,-47.538275,-24.730743
3520442,Ilha Solteira,4968.0,SP,-51.342552,-20.432629
3520509,Indaiatuba,4969.0,SP,-47.210093,-23.081591
3520608,Indiana,4970.0,SP,-51.255467,-22.173779
3520707,Indiaporã,4971.0,SP,-50.290856,-19.978952
3520806,Inúbia Paulista,4972.0,SP,-50.963268,-21.769471
3520905,Ipaussu,4973.0,SP,-49.627911,-23.05753
3521002,Iperó,4974.0,SP,-47.692717,-23.351296
3521101,Ipeúna,4975.0,SP,-47.715086,-22.435513
3521150,Ipiguá,4976.0,SP,-49.384161,-20.655734
3521200,Iporanga,4977.0,SP,-48.597119,-24.584718
3521309,Ipuã,4978.0,SP,-48.012881,-20.443785
3521408,Iracemápolis,4979.0,SP,-47.522963,-22.583234
3521507,Irapuã,4980.0,SP,-49.416398,-21.276832
3521606,Irapuru,4981.0,SP,-51.347171,-21.56839
3521705,Itaberá,4982.0,SP,-49.139987,-23.863827
3521804,Itaí,4983.0,SP,-49.092005,-23.42129
3521903,Itajobi,4984.0,SP,-49.062863,-21.312294
3522000,Itaju,4985.0,SP,-48.811549,-21.985691
3522109,Itanhaém,4986.0,SP,-46.787986,-24.173633
3522158,Itaóca,4987.0,SP,-48.841285,-24.639252
3522208,Itapecerica da Serra,4988.0,SP,-46.857193,-23.716135
3522307,Itapetininga,4989.0,SP,-48.048326,-23.588607
3522406,Itapeva,4990.0,SP,-48.876433,-23.978823
3522505,Itapevi,4991.0,SP,-46.932747,-23.548774
3522604,Itapira,4992.0,SP,-46.822434,-22.435731
3522653,Itapirapuã Paulista,4993.0,SP,-49.166151,-24.572033
3522703,Itápolis,4994.0,SP,-48.81491,-21.594224
3522802,Itaporanga,4995.0,SP,-49.481854,-23.704273
3522901,Itapuí,4996.0,SP,-48.719734,-22.232445
3523008,Itapura,4997.0,SP,-51.506322,-20.641911
3523107,Itaquaquecetuba,4998.0,SP,-46.345724,-23.483481
3523206,Itararé,4999.0,SP,-49.335215,-24.108451
3523305,Itariri,5000.0,SP,-47.173619,-24.283404
3523404,Itatiba,5001.0,SP,-46.846353,-23.003497
3523503,Itatinga,5002.0,SP,-48.615712,-23.104707
3523602,Itirapina,5003.0,SP,-47.816594,-22.256239
3523701,Itirapuã,5004.0,SP,-47.219446,-20.641585
3523800,Itobi,5005.0,SP,-46.9743,-21.730853
3523909,Itu,5006.0,SP,-47.292688,-23.254397
3524006,Itupeva,5007.0,SP,-47.059262,-23.152635
3524105,Ituverava,5008.0,SP,-47.790207,-20.335465
3524204,Jaborandi,5009.0,SP,-48.411167,-20.688422
3524303,Jaboticabal,5010.0,SP,-48.325223,-21.252037
3524402,Jacareí,5011.0,SP,-45.965814,-23.29829
3524501,Jaci,5012.0,SP,-49.579732,-20.880468
3524600,Jacupiranga,5013.0,SP,-48.006402,-24.696326
3524709,Jaguariúna,5014.0,SP,-46.985062,-22.70374
3524808,Jales,5015.0,SP,-50.549442,-20.267227
3524907,Jambeiro,5016.0,SP,-45.694214,-23.252217
3525003,Jandira,5017.0,SP,-46.902314,-23.527537
3525102,Jardinópolis,5018.0,SP,-47.760583,-21.017612
3525201,Jarinu,5019.0,SP,-46.728015,-23.103855
3525300,Jaú,5020.0,SP,-48.559193,-22.293585
3525409,Jeriquara,5021.0,SP,-47.591835,-20.311567
3525508,Joanópolis,5022.0,SP,-46.274118,-22.926999
3525607,João Ramalho,5023.0,SP,-50.769359,-22.247339
3525706,José Bonifácio,5024.0,SP,-49.689233,-21.055062
3525805,Júlio Mesquita,5025.0,SP,-49.787294,-22.011174
3525854,Jumirim,5026.0,SP,-47.786821,-23.088361
3525904,Jundiaí,5027.0,SP,-46.897358,-23.185218
3526001,Junqueirópolis,5028.0,SP,-51.434187,-21.510348
3526100,Juquiá,5029.0,SP,-47.64264,-24.310084
3526209,Juquitiba,5030.0,SP,-47.065332,-23.924381
3526308,Lagoinha,5031.0,SP,-45.194415,-23.084621
3526407,Laranjal Paulista,5032.0,SP,-47.837549,-23.050564
3526506,Lavínia,5033.0,SP,-51.041172,-21.163913
3526605,Lavrinhas,5034.0,SP,-44.902359,-22.570047
3526704,Leme,5035.0,SP,-47.384109,-22.180857
3526803,Lençóis Paulista,5036.0,SP,-48.803683,-22.602693
3526902,Limeira,5037.0,SP,-47.396987,-22.56605
3527009,Lindóia,5038.0,SP,-46.650035,-22.522562
3527108,Lins,5039.0,SP,-49.752555,-21.67182
3527207,Lorena,5040.0,SP,-45.11968,-22.73338
3527256,Lourdes,5041.0,SP,-50.226274,-20.966025
3527306,Louveira,5042.0,SP,-46.948369,-23.085572
3527405,Lucélia,5043.0,SP,-51.021511,-21.718203
3527504,Lucianópolis,5044.0,SP,-49.522002,-22.429418
3527603,Luís Antônio,5045.0,SP,-47.700838,-21.550625
3527702,Luiziânia,5046.0,SP,-50.329438,-21.673748
3527801,Lupércio,5047.0,SP,-49.818019,-22.41459
3527900,Lutécia,5048.0,SP,-50.394007,-22.338378
3528007,Macatuba,5049.0,SP,-48.710229,-22.50022
3528106,Macaubal,5050.0,SP,-49.968732,-20.802153
3528205,Macedônia,5051.0,SP,-50.197269,-20.144375
3528304,Magda,5052.0,SP,-50.230542,-20.644497
3528403,Mairinque,5053.0,SP,-47.184995,-23.539822
3528502,Mairiporã,5054.0,SP,-46.589695,-23.31713
3528601,Manduri,5055.0,SP,-49.320164,-23.005569
3528700,Marabá Paulista,5056.0,SP,-51.96167,-22.106766
3528809,Maracaí,5057.0,SP,-50.671288,-22.614921
3528858,Marapoama,5058.0,SP,-49.129968,-21.258719
3528908,Mariápolis,5059.0,SP,-51.182434,-21.79592
3529005,Marília,5060.0,SP,-49.95006,-22.217108
3529104,Marinópolis,5061.0,SP,-50.825384,-20.4389
3529203,Martinópolis,5062.0,SP,-51.170949,-22.146153
3529302,Matão,5063.0,SP,-48.363968,-21.602511
3529401,Mauá,5064.0,SP,-46.461263,-23.66767
3529500,Mendonça,5065.0,SP,-49.579059,-21.175724
3529609,Meridiano,5066.0,SP,-50.181055,-20.357874
3529658,Mesópolis,5067.0,SP,-50.632641,-19.968351
3529708,Miguelópolis,5068.0,SP,-48.030997,-20.179612
3529807,Mineiros do Tietê,5069.0,SP,-48.450998,-22.412007
3529906,Miracatu,5070.0,SP,-47.462458,-24.276639
3530003,Mira Estrela,5071.0,SP,-50.139039,-19.978925
3530102,Mirandópolis,5072.0,SP,-51.1035,-21.131345
3530201,Mirante do Paranapanema,5073.0,SP,-51.90835,-22.290427
3530300,Mirassol,5074.0,SP,-49.52061,-20.816874
3530409,Mirassolândia,5075.0,SP,-49.461726,-20.617859
3530508,Mococa,5076.0,SP,-47.002405,-21.464731
3530607,Mogi das Cruzes,5077.0,SP,-46.18541,-23.52082
3530706,Mogi Guaçu,5078.0,SP,-46.9428,-22.367453
3530904,Mombuca,5080.0,SP,-47.558957,-22.928541
3531001,Monções,5081.0,SP,-50.097537,-20.850949
3531100,Mongaguá,5082.0,SP,-46.626526,-24.080901
3531209,Monte Alegre do Sul,5083.0,SP,-46.68098,-22.681699
3531308,Monte Alto,5084.0,SP,-48.497066,-21.265545
3531407,Monte Aprazível,5085.0,SP,-49.71842,-20.768015
3531506,Monte Azul Paulista,5086.0,SP,-48.638717,-20.90649
3531605,Monte Castelo,5087.0,SP,-51.567889,-21.298092
3531704,Monteiro Lobato,5088.0,SP,-45.840661,-22.954413
3531803,Monte Mor,5089.0,SP,-47.312182,-22.945043
3531902,Morro Agudo,5090.0,SP,-48.058084,-20.728828
3532009,Morungaba,5091.0,SP,-46.789601,-22.881071
3532058,Motuca,5092.0,SP,-48.153764,-21.510287
3532108,Murutinga do Sul,5093.0,SP,-51.277389,-20.990803
3532157,Nantes,5094.0,SP,-51.239977,-22.615559
3532207,Narandiba,5095.0,SP,-51.527357,-22.405737
3532306,Natividade da Serra,5096.0,SP,-45.446764,-23.370665
3532405,Nazaré Paulista,5097.0,SP,-46.398295,-23.174731
3532504,Neves Paulista,5098.0,SP,-49.635767,-20.842992
3532603,Nhandeara,5099.0,SP,-50.043596,-20.69455
3532702,Nipoã,5100.0,SP,-49.783278,-20.911397
3532801,Nova Aliança,5101.0,SP,-49.498642,-21.015649
3532827,Nova Campina,5102.0,SP,-48.902179,-24.122367
3532843,Nova Canaã Paulista,5103.0,SP,-50.948264,-20.383625
3532868,Nova Castilho,5104.0,SP,-50.347741,-20.761492
3532900,Nova Europa,5105.0,SP,-48.570468,-21.77647
3533007,Nova Granada,5106.0,SP,-49.312268,-20.532074
3533106,Nova Guataporanga,5107.0,SP,-51.644655,-21.331968
3533205,Nova Independência,5108.0,SP,-51.490531,-21.10263
3533254,Novais,5109.0,SP,-48.914091,-20.98928
3533304,Nova Luzitânia,5110.0,SP,-50.261683,-20.855967
3533403,Nova Odessa,5111.0,SP,-47.294059,-22.783186
3533502,Novo Horizonte,5112.0,SP,-49.223409,-21.465145
3533601,Nuporanga,5113.0,SP,-47.742942,-20.729619
3533700,Ocauçu,5114.0,SP,-49.922005,-22.437979
3533809,Óleo,5115.0,SP,-49.341924,-22.943461
3533908,Olímpia,5116.0,SP,-48.910625,-20.736634
3534005,Onda Verde,5117.0,SP,-49.292925,-20.60423
3534104,Oriente,5118.0,SP,-50.097105,-22.154939
3534203,Orindiúva,5119.0,SP,-49.346395,-20.18607
3534302,Orlândia,5120.0,SP,-47.885205,-20.716925
3534401,Osasco,5121.0,SP,-46.791555,-23.53239
3534500,Oscar Bressane,5122.0,SP,-50.281118,-22.314874
3534609,Osvaldo Cruz,5123.0,SP,-50.879288,-21.796753
3534708,Ourinhos,5124.0,SP,-49.869702,-22.979695
3534757,Ouroeste,5125.0,SP,-50.376807,-20.006052
3534807,Ouro Verde,5126.0,SP,-51.702398,-21.48715
3534906,Pacaembu,5127.0,SP,-51.265366,-21.562661
3535002,Palestina,5128.0,SP,-49.430854,-20.390046
3535101,Palmares Paulista,5129.0,SP,-48.803656,-21.085369
3535309,Palmital,5131.0,SP,-50.217964,-22.785849
3535408,Panorama,5132.0,SP,-51.856185,-21.353973
3535507,Paraguaçu Paulista,5133.0,SP,-50.57316,-22.411369
3535606,Paraibuna,5134.0,SP,-45.663943,-23.387213
3535705,Paraíso,5135.0,SP,-48.776105,-21.015911
3535804,Paranapanema,5136.0,SP,-48.721435,-23.386196
3535903,Paranapuã,5137.0,SP,-50.588634,-20.104774
3536000,Parapuã,5138.0,SP,-50.794882,-21.779205
3536109,Pardinho,5139.0,SP,-48.367942,-23.084056
3536208,Pariquera-Açu,5140.0,SP,-47.874152,-24.714652
3536257,Parisi,5141.0,SP,-50.016277,-20.303397
3536307,Patrocínio Paulista,5142.0,SP,-47.280124,-20.638361
3536406,Paulicéia,5143.0,SP,-51.832098,-21.315262
3536505,Paulínia,5144.0,SP,-47.148776,-22.754178
3536570,Paulistânia,5145.0,SP,-49.400845,-22.576831
3536604,Paulo de Faria,5146.0,SP,-49.400013,-20.029612
3536703,Pederneiras,5147.0,SP,-48.778113,-22.351086
3536802,Pedra Bela,5148.0,SP,-46.44555,-22.790174
3536901,Pedranópolis,5149.0,SP,-50.112937,-20.247378
3537008,Pedregulho,5150.0,SP,-47.47745,-20.253468
3537107,Pedreira,5151.0,SP,-46.894846,-22.741347
3537156,Pedrinhas Paulista,5152.0,SP,-50.793287,-22.817378
3537206,Pedro de Toledo,5153.0,SP,-47.23537,-24.276391
3537305,Penápolis,5154.0,SP,-50.076855,-21.414765
3537404,Pereira Barreto,5155.0,SP,-51.112268,-20.636767
3537503,Pereiras,5156.0,SP,-47.972005,-23.08037
3537602,Peruíbe,5157.0,SP,-47.0012,-24.311974
3537701,Piacatu,5158.0,SP,-50.600343,-21.592142
3537800,Piedade,5159.0,SP,-47.425572,-23.713941
3537909,Pilar do Sul,5160.0,SP,-47.722151,-23.807716
3538006,Pindamonhangaba,5161.0,SP,-45.461264,-22.92463
3538105,Pindorama,5162.0,SP,-48.90861,-21.1853
3538204,Pinhalzinho,5163.0,SP,-46.589679,-22.781115
3538303,Piquerobi,5164.0,SP,-51.728164,-21.874671
3538501,Piquete,5165.0,SP,-45.186919,-22.606881
3538600,Piracaia,5166.0,SP,-46.359374,-23.052545
3538709,Piracicaba,5167.0,SP,-47.647612,-22.733801
3538808,Piraju,5168.0,SP,-49.380335,-23.198066
3538907,Pirajuí,5169.0,SP,-49.460777,-21.998986
3539004,Pirangi,5170.0,SP,-48.660733,-21.0886
3539103,Pirapora do Bom Jesus,5171.0,SP,-46.999103,-23.396487
3539202,Pirapozinho,5172.0,SP,-51.497635,-22.271125
3539301,Pirassununga,5173.0,SP,-47.425746,-21.995982
3539400,Piratininga,5174.0,SP,-49.133869,-22.41416
3539509,Pitangueiras,5175.0,SP,-48.220951,-21.013203
3539608,Planalto,5176.0,SP,-49.933034,-21.034249
3539707,Platina,5177.0,SP,-50.210422,-22.637142
3539806,Poá,5178.0,SP,-46.347292,-23.533285
3539905,Poloni,5179.0,SP,-49.825756,-20.782909
3540002,Pompéia,5180.0,SP,-50.175964,-22.10704
3540101,Pongaí,5181.0,SP,-49.360421,-21.73956
3540200,Pontal,5182.0,SP,-48.042261,-21.021565
3540259,Pontalinda,5183.0,SP,-50.525754,-20.439624
3540309,Pontes Gestal,5184.0,SP,-49.706355,-20.172692
3540408,Populina,5185.0,SP,-50.538035,-19.945297
3540507,Porangaba,5186.0,SP,-48.119464,-23.17615
3540606,Porto Feliz,5187.0,SP,-47.52512,-23.209318
3540705,Porto Ferreira,5188.0,SP,-47.487034,-21.849814
3540754,Potim,5189.0,SP,-45.255205,-22.834327
3540804,Potirendaba,5190.0,SP,-49.381509,-21.042789
3540853,Pracinha,5191.0,SP,-51.086791,-21.849563
3540903,Pradópolis,5192.0,SP,-48.067869,-21.362578
3541000,Praia Grande,5193.0,SP,-46.412057,-24.008378
3541059,Pratânia,5194.0,SP,-48.663618,-22.811183
3541109,Presidente Alves,5195.0,SP,-49.438133,-22.09991
3541208,Presidente Bernardes,5196.0,SP,-51.556507,-22.008198
3541307,Presidente Epitácio,5197.0,SP,-52.11114,-21.765074
3541406,Presidente Prudente,5198.0,SP,-51.392526,-22.120654
3541505,Presidente Venceslau,5199.0,SP,-51.844744,-21.873233
3541604,Promissão,5200.0,SP,-49.85989,-21.535572
3541653,Quadra,5201.0,SP,-48.054657,-23.299332
3541703,Quatá,5202.0,SP,-50.696605,-22.24559
3541802,Queiroz,5203.0,SP,-50.241461,-21.796865
3541901,Queluz,5204.0,SP,-44.778105,-22.531171
3542008,Quintana,5205.0,SP,-50.307028,-22.069172
3542107,Rafard,5206.0,SP,-47.531795,-23.010508
3542206,Rancharia,5207.0,SP,-50.893041,-22.22691
3542305,Redenção da Serra,5208.0,SP,-45.54222,-23.263763
3542404,Regente Feijó,5209.0,SP,-51.30545,-22.218131
3542503,Reginópolis,5210.0,SP,-49.226782,-21.891372
3542602,Registro,5211.0,SP,-47.844895,-24.497942
3542701,Restinga,5212.0,SP,-47.483254,-20.605593
3542800,Ribeira,5213.0,SP,-49.004409,-24.65171
3542909,Ribeirão Bonito,5214.0,SP,-48.182041,-22.068536
3543006,Ribeirão Branco,5215.0,SP,-48.763545,-24.22058
3543105,Ribeirão Corrente,5216.0,SP,-47.590394,-20.457872
3543204,Ribeirão do Sul,5218.0,SP,-49.933037,-22.789013
3543238,Ribeirão dos Índios,5217.0,SP,-51.610343,-21.838201
3543253,Ribeirão Grande,5219.0,SP,-48.367931,-24.10114
3543303,Ribeirão Pires,5220.0,SP,-46.405805,-23.706669
3543402,Ribeirão Preto,5221.0,SP,-47.809875,-21.169923
3543501,Riversul,5229.0,SP,-49.428965,-23.829003
3543600,Rifaina,5222.0,SP,-47.429109,-20.080256
3543709,Rincão,5223.0,SP,-48.072838,-21.589429
3543808,Rinópolis,5224.0,SP,-50.723908,-21.728402
3543907,Rio Claro,5225.0,SP,-47.554632,-22.398378
3544004,Rio das Pedras,5226.0,SP,-47.604657,-22.841723
3544103,Rio Grande da Serra,5227.0,SP,-46.397084,-23.743724
3544202,Riolândia,5228.0,SP,-49.683582,-19.986789
3544251,Rosana,5230.0,SP,-53.060296,-22.578173
3544301,Roseira,5231.0,SP,-45.306993,-22.893834
3544400,Rubiácea,5232.0,SP,-50.729564,-21.300568
3544509,Rubinéia,5233.0,SP,-51.007034,-20.175906
3544608,Sabino,5234.0,SP,-49.575546,-21.45934
3544707,Sagres,5235.0,SP,-50.959381,-21.88232
3544806,Sales,5236.0,SP,-49.489658,-21.342738
3544905,Sales Oliveira,5237.0,SP,-47.836873,-20.769612
3545001,Salesópolis,5238.0,SP,-45.84653,-23.528805
3545100,Salmourão,5239.0,SP,-50.861366,-21.626729
3545159,Saltinho,5240.0,SP,-47.675371,-22.844167
3545209,Salto,5241.0,SP,-47.293087,-23.199592
3545308,Salto de Pirapora,5242.0,SP,-47.574322,-23.647387
3545407,Salto Grande,5243.0,SP,-49.983134,-22.889389
3545506,Sandovalina,5244.0,SP,-51.764822,-22.455099
3545605,Santa Adélia,5245.0,SP,-48.80634,-21.242662
3545704,Santa Albertina,5246.0,SP,-50.729713,-20.031131
3546009,Santa Branca,5248.0,SP,-45.887521,-23.393311
3546207,Santa Cruz da Conceição,5250.0,SP,-47.451196,-22.140542
3546256,Santa Cruz da Esperança,5251.0,SP,-47.430381,-21.295065
3546306,Santa Cruz das Palmeiras,5252.0,SP,-47.248023,-21.823475
3546405,Santa Cruz do Rio Pardo,5253.0,SP,-49.635444,-22.89875
3546504,Santa Ernestina,5254.0,SP,-48.395317,-21.461769
3546603,Santa Fé do Sul,5255.0,SP,-50.931958,-20.208252
3546702,Santa Gertrudes,5256.0,SP,-47.52716,-22.457229
3546801,Santa Isabel,5257.0,SP,-46.223668,-23.317194
3546900,Santa Lúcia,5258.0,SP,-48.088469,-21.684982
3547007,Santa Maria da Serra,5259.0,SP,-48.159288,-22.566088
3547106,Santa Mercedes,5260.0,SP,-51.756353,-21.349521
3547205,Santana da Ponte Pensa,5261.0,SP,-50.801357,-20.252311
3547304,Santana de Parnaíba,5262.0,SP,-46.922215,-23.442514
3547502,Santa Rita do Passa Quatro,5264.0,SP,-47.478,-21.708323
3547601,Santa Rosa de Viterbo,5265.0,SP,-47.362213,-21.477568
3547650,Santa Salete,5266.0,SP,-50.688717,-20.242918
3547700,Santo Anastácio,5267.0,SP,-51.652662,-21.974662
3547809,Santo André,5268.0,SP,-46.543154,-23.67373
3547908,Santo Antônio da Alegria,5269.0,SP,-47.146372,-21.086449
3548005,Santo Antônio de Posse,5270.0,SP,-46.91919,-22.602873
3548054,Santo Antônio do Aracanguá,5271.0,SP,-50.497979,-20.933114
3548104,Santo Antônio do Jardim,5272.0,SP,-46.684487,-22.112076
3548203,Santo Antônio do Pinhal,5273.0,SP,-45.663,-22.827
3548302,Santo Expedito,5274.0,SP,-51.392894,-21.846657
3548401,Santópolis do Aguapeí,5275.0,SP,-50.504372,-21.637574
3548500,Santos,5276.0,SP,-46.335042,-23.953543
3548609,São Bento do Sapucaí,5277.0,SP,-45.728677,-22.683744
3548708,São Bernardo do Campo,5278.0,SP,-46.564617,-23.691412
3548807,São Caetano do Sul,5279.0,SP,-46.554797,-23.62287
3548906,São Carlos,5280.0,SP,-47.885971,-22.017395
3549003,São Francisco,5281.0,SP,-50.695151,-20.362291
3549102,São João da Boa Vista,5282.0,SP,-46.794356,-21.970747
3549201,São João das Duas Pontes,5283.0,SP,-50.379149,-20.387857
3549250,São João de Iracema,5284.0,SP,-50.356069,-20.511059
3549409,São Joaquim da Barra,5286.0,SP,-47.859316,-20.581158
3549508,São José da Bela Vista,5287.0,SP,-47.642413,-20.593548
3549607,São José do Barreiro,5288.0,SP,-44.577437,-22.641353
3549706,São José do Rio Pardo,5289.0,SP,-46.887303,-21.595288
3549805,São José do Rio Preto,5290.0,SP,-49.375767,-20.811289
3549904,São José dos Campos,5291.0,SP,-45.884115,-23.189554
3549953,São Lourenço da Serra,5292.0,SP,-46.94316,-23.849134
3550100,São Manuel,5294.0,SP,-48.572316,-22.732081
3550209,São Miguel Arcanjo,5295.0,SP,-47.993549,-23.878197
3550308,São Paulo,5296.0,SP,-46.63952,-23.532905
3550407,São Pedro,5297.0,SP,-47.909579,-22.548256
3550506,São Pedro do Turvo,5298.0,SP,-49.742829,-22.745286
3550605,São Roque,5299.0,SP,-47.13567,-23.522598
3550704,São Sebastião,5300.0,SP,-45.414314,-23.795059
3550803,São Sebastião da Grama,5301.0,SP,-46.820753,-21.704109
3550902,São Simão,5302.0,SP,-47.551755,-21.473171
3551009,São Vicente,5303.0,SP,-46.388333,-23.957353
3551108,Sarapuí,5304.0,SP,-47.824863,-23.63974
3551207,Sarutaiá,5305.0,SP,-49.476259,-23.272103
3551306,Sebastianópolis do Sul,5306.0,SP,-49.924997,-20.652323
3551405,Serra Azul,5307.0,SP,-47.560243,-21.307381
3551504,Serrana,5308.0,SP,-47.595239,-21.204336
3551603,Serra Negra,5309.0,SP,-46.703271,-22.613941
3551702,Sertãozinho,5310.0,SP,-47.987496,-21.131596
3551801,Sete Barras,5311.0,SP,-47.927943,-24.382048
3551900,Severínia,5312.0,SP,-48.80538,-20.810753
3552007,Silveiras,5313.0,SP,-44.852157,-22.66384
3552106,Socorro,5314.0,SP,-46.525118,-22.590264
3552205,Sorocaba,5315.0,SP,-47.445073,-23.496886
3552304,Sud Mennucci,5316.0,SP,-50.923783,-20.687225
3552403,Sumaré,5317.0,SP,-47.272823,-22.820416
3552502,Suzano,5319.0,SP,-46.311181,-23.544828
3552551,Suzanápolis,5318.0,SP,-51.026761,-20.49809
3552601,Tabapuã,5320.0,SP,-49.03074,-20.960171
3552700,Tabatinga,5321.0,SP,-48.689577,-21.723863
3552809,Taboão da Serra,5322.0,SP,-46.752637,-23.601867
3552908,Taciba,5323.0,SP,-51.288221,-22.386577
3553005,Taguaí,5324.0,SP,-49.402377,-23.445242
3553104,Taiaçu,5325.0,SP,-48.511203,-21.143144
3553203,Taiúva,5326.0,SP,-48.452816,-21.122333
3553302,Tambaú,5327.0,SP,-47.270344,-21.70292
3553401,Tanabi,5328.0,SP,-49.656319,-20.62279
3553500,Tapiraí,5329.0,SP,-47.506248,-23.961157
3553609,Tapiratiba,5330.0,SP,-46.744825,-21.471324
3553658,Taquaral,5331.0,SP,-48.412553,-21.07373
3553708,Taquaritinga,5332.0,SP,-48.510345,-21.404861
3553807,Taquarituba,5333.0,SP,-49.240954,-23.530709
3553856,Taquarivaí,5334.0,SP,-48.694769,-23.921116
3553906,Tarabai,5335.0,SP,-51.562133,-22.301612
3553955,Tarumã,5336.0,SP,-50.57862,-22.742873
3554003,Tatuí,5337.0,SP,-47.84612,-23.348731
3554102,Taubaté,5338.0,SP,-45.55926,-23.010414
3554201,Tejupá,5339.0,SP,-49.372244,-23.342458
3554300,Teodoro Sampaio,5340.0,SP,-52.168175,-22.529936
3554409,Terra Roxa,5341.0,SP,-48.331442,-20.787015
3554508,Tietê,5342.0,SP,-47.716378,-23.110098
3554607,Timburi,5343.0,SP,-49.609583,-23.205674
3554656,Torre de Pedra,5344.0,SP,-48.195507,-23.246173
3554706,Torrinha,5345.0,SP,-48.17314,-22.423721
3554755,Trabiju,5346.0,SP,-48.334168,-22.038783
3554805,Tremembé,5347.0,SP,-45.547526,-22.95714
3554904,Três Fronteiras,5348.0,SP,-50.890528,-20.234355
3554953,Tuiuti,5349.0,SP,-46.693746,-22.819324
3555000,Tupã,5350.0,SP,-50.519113,-21.933528
3555109,Tupi Paulista,5351.0,SP,-51.575004,-21.382455
3555208,Turiúba,5352.0,SP,-50.11349,-20.942758
3555307,Turmalina,5353.0,SP,-50.479198,-20.048588
3555356,Ubarana,5354.0,SP,-49.719765,-21.164965
3555406,Ubatuba,5355.0,SP,-45.083415,-23.433162
3555505,Ubirajara,5356.0,SP,-49.66126,-22.527208
3555604,Uchoa,5357.0,SP,-49.171295,-20.951106
3555703,União Paulista,5358.0,SP,-49.902509,-20.886227
3555802,Urânia,5359.0,SP,-50.645498,-20.245461
3555901,Uru,5360.0,SP,-49.284846,-21.786641
3556008,Urupês,5361.0,SP,-49.293103,-21.203207
3556107,Valentim Gentil,5362.0,SP,-50.088928,-20.421681
3556206,Valinhos,5363.0,SP,-46.997367,-22.969805
3556305,Valparaíso,5364.0,SP,-50.869874,-21.222929
3556354,Vargem,5365.0,SP,-46.412447,-22.887046
3556404,Vargem Grande do Sul,5366.0,SP,-46.891286,-21.832194
3556453,Vargem Grande Paulista,5367.0,SP,-47.022038,-23.599338
3556503,Várzea Paulista,5368.0,SP,-46.823444,-23.213582
3556602,Vera Cruz,5369.0,SP,-49.820735,-22.218308
3556701,Vinhedo,5370.0,SP,-46.983312,-23.030184
3556800,Viradouro,5371.0,SP,-48.292974,-20.873382
3556909,Vista Alegre do Alto,5372.0,SP,-48.628383,-21.169222
3556958,Vitória Brasil,5373.0,SP,-50.487452,-20.195582
3557006,Votorantim,5374.0,SP,-47.438753,-23.54459
3557105,Votuporanga,5375.0,SP,-49.978112,-20.423659
3557154,Zacarias,5376.0,SP,-50.055222,-21.050554
3557204,Chavantes,4865.0,SP,-49.709616,-23.036632
3557303,Estiva Gerbi,4906.0,SP,-46.948111,-22.271314
4103453,Cafelândia,4831.0,SP,-49.609213,-21.803112
4108809,Guaíra,4932.0,SP,-48.31197,-20.319591
4109203,Guaraci,4937.0,SP,-48.939107,-20.49766
4117800,Palmital,5131.0,SP,-50.217964,-22.785849
4119657,Pitangueiras,5175.0,SP,-48.220951,-21.013203
4119806,Planalto,5176.0,SP,-49.933034,-21.034249
4123824,Santa Lúcia,5258.0,SP,-48.088469,-21.684982
4127403,Terra Roxa,5341.0,SP,-48.331442,-20.787015
4202099,Barra Bonita,4791.0,SP,-48.558349,-22.490859
4208955,Jardinópolis,5018.0,SP,-47.760583,-21.017612
4211108,Monte Castelo,5087.0,SP,-51.567889,-21.298092
4211652,Novo Horizonte,5112.0,SP,-49.223409,-21.465145
4211850,Ouro Verde,5126.0,SP,-51.702398,-21.48715
4212239,Paraíso,5135.0,SP,-48.776105,-21.015911
4212908,Pinhalzinho,5163.0,SP,-46.589679,-22.781115
4213807,Praia Grande,5193.0,SP,-46.412057,-24.008378
4215356,Saltinho,5240.0,SP,-47.675371,-22.844167
4216008,São Carlos,5280.0,SP,-47.885971,-22.017395
4219150,Vargem,5365.0,SP,-46.412447,-22.887046
4300554,Alto Alegre,4744.0,SP,-50.16798,-21.581103
4314704,Planalto,5176.0,SP,-49.933034,-21.034249
4322707,Vera Cruz,5369.0,SP,-49.820735,-22.218308
5003751,Eldorado,4896.0,SP,-48.114085,-24.52809
5207501,Estrela do Norte,4908.0,SP,-51.663203,-22.485935
5219357,Santa Isabel,5257.0,SP,-46.223668,-23.317194
5220405,São Simão,5302.0,SP,-47.551755,-21.473171
